{"edges":10,"f1":0,"sigma":45.19213915993941,"_timestamp":1.7699003504818847e+09,"recall":0,"precision":0,"final/best_gen":11,"_runtime":172,"nodes":4,"edge_jaccard":0,"gen":500,"growth_video_best":{"size":351908,"path":"media/videos/growth_video_best_500_6c08eb692d4141f53982.mp4","_type":"video-file","sha256":"6c08eb692d4141f5398215f776d12454714e3e9dd1faddb625bd76900f0a4fb4"},"dataset_type":"varshney","_wandb":{"runtime":172},"best_loss":0.95,"_step":500}