{"dataset_type":"varshney","edge_jaccard":0.03515151515151515,"best_loss":5184,"_step":500,"edges":1330,"nodes":64,"precision":0.03670886075949367,"_runtime":97.074033,"_wandb":{"runtime":97},"sigma":55.69380930682844,"recall":0.453125,"_timestamp":1.7697230340390522e+09,"f1":0.06791569086651054,"gen":500,"final/best_gen":56}