{"best_loss":0.6,"_step":500,"edge_jaccard":0.03515151515151515,"final/best_gen":18,"_timestamp":1.7697249159999578e+09,"f1":0.06791569086651054,"recall":0.453125,"final/f1":0.08424908424908426,"precision":0.03670886075949367,"dataset_type":"varshney","_wandb":{"runtime":94},"edges":1330,"gen":500,"_runtime":94.1240768,"sigma":1.5444966555976255e+06,"nodes":64,"final/jaccard":0.04397705544933078}