{"growth_video_best":{"path":"media/videos/growth_video_best_500_351a58f3b5c8955e1d26.mp4","_type":"video-file","sha256":"351a58f3b5c8955e1d268db60996a9783eb1d858f975fc5a176ee2cc2b5a9284","size":748173},"edge_jaccard":0,"_runtime":211,"sigma":0.0007754430648122246,"_step":500,"dataset_type":"varshney","precision":0,"_timestamp":1.7699359388602097e+09,"gen":500,"recall":0,"nodes":4,"_wandb":{"runtime":211},"edges":10,"final/best_gen":100,"f1":0,"best_loss":0.95}