{"f1":0,"precision":0,"best_loss":0.95,"final/best_gen":100,"_timestamp":1.7699345294531386e+09,"_runtime":259,"_step":500,"gen":500,"recall":0,"nodes":4,"sigma":0.0007754430648122246,"edge_jaccard":0,"_wandb":{"runtime":259},"edges":10,"growth_video_best":{"path":"media/videos/growth_video_best_500_61e581e8279250a15343.mp4","_type":"video-file","sha256":"61e581e8279250a153433047b77f46a388cd173988b7139b39786fb22414df47","size":672792},"dataset_type":"varshney"}