{"_wandb":{"runtime":436},"_step":500,"f1":0.0680786686838124,"edges":2725,"edge_jaccard":0.03523884103367267,"nodes":96,"final/best_gen":8,"precision":0.037672666387609875,"best_loss":0.2,"_runtime":436,"growth_video_best":{"size":2001462,"path":"media/videos/growth_video_best_500_9cc1dc971d4a838f338d.mp4","_type":"video-file","sha256":"9cc1dc971d4a838f338dfe4c118c09fa316b5c09539e6240815265f9243bb1ef"},"dataset_type":"varshney","_timestamp":1.7699377248253672e+09,"sigma":625959.5590495273,"recall":0.35294117647058826,"gen":500}