{"f1":0,"dataset_type":"varshney","gen":500,"recall":0,"edges":10,"sigma":0.0007754430648122246,"best_loss":0.95,"_runtime":222,"_timestamp":1.7699355105786283e+09,"_step":500,"nodes":4,"_wandb":{"runtime":222},"growth_video_best":{"size":5695,"path":"media/videos/growth_video_best_500_e935c25b7443c3cd6e23.mp4","_type":"video-file","sha256":"e935c25b7443c3cd6e2319fa77c9892f63c7c8ddc5dcf45b7bef82ad0383ed38"},"final/best_gen":100,"edge_jaccard":0,"precision":0}