{"_wandb":{"runtime":367},"recall":0.35294117647058826,"precision":0.037672666387609875,"dataset_type":"varshney","_runtime":367,"edges":2725,"growth_video_best":{"path":"media/videos/growth_video_best_500_3557781d64db6d60cb55.mp4","_type":"video-file","sha256":"3557781d64db6d60cb5581d0c4f86f139295fbbbb319d516bca969547e8b7daf","size":2229144},"edge_jaccard":0.03523884103367267,"final/best_gen":4,"f1":0.0680786686838124,"sigma":0.22213863488395955,"best_loss":0.2,"nodes":96,"_timestamp":1.769939791551239e+09,"gen":500,"_step":500}