{"_wandb":{"runtime":485},"sigma":0.005179969278631747,"nodes":12,"edges":74,"dataset_type":"varshney","_runtime":485,"recall":0.8333333333333334,"edge_jaccard":0.06666666666666667,"_step":500,"growth_video_best":{"sha256":"a838f8ebf97b20c83af622fe0efb40c1919c251a62782008659dbd23421cbe8e","size":1873276,"path":"media/videos/growth_video_best_500_a838f8ebf97b20c83af6.mp4","_type":"video-file"},"final/best_gen":2,"precision":0.06756756756756757,"_timestamp":1.7700689030102913e+09,"best_loss":0.85,"gen":500,"f1":0.125}