{"recall":0,"edge_jaccard":0,"_step":500,"_timestamp":1.7699784969488769e+09,"_runtime":367,"f1":0,"final/best_gen":17,"nodes":4,"precision":0,"sigma":1.0655054006758434e+08,"dataset_type":"varshney","_wandb":{"runtime":367},"edges":10,"gen":500,"growth_video_best":{"_type":"video-file","sha256":"d587c4f0166f47c3dd1dc01d1a0811b975cbaf97e4c19d21f6f6d3845d98a46e","size":2064159,"path":"media/videos/growth_video_best_500_d587c4f0166f47c3dd1d.mp4"},"best_loss":0.95}