{"final/jaccard":0.03912087912087912,"best_loss":0,"_step":500,"dataset_type":"varshney","growth_video_best":{"sha256":"25f04571f38500a57687948ec93f7074e151a20b72db134127aa86bb3e21256b","size":935260,"path":"media/videos/growth_video_best_500_25f04571f38500a57687.mp4","_type":"video-file"},"final/best_gen":11,"_wandb":{"runtime":294},"final/f1":0.07529610829103214,"nodes":80,"gen":500,"recall":0.34901960784313724,"_timestamp":1.76993513345005e+09,"f1":0.07529610829103214,"precision":0.04220009483167378,"sigma":1.2701591387810763e-06,"edges":2109,"_runtime":294,"edge_jaccard":0.03912087912087912}