{"f1":0.06220419202163624,"precision":0.03458646616541353,"gen":500,"nodes":64,"best_loss":21.937795807978365,"sigma":5.789294223660794e+08,"recall":0.3087248322147651,"_runtime":237,"_wandb":{"runtime":237},"edges":1330,"_timestamp":1.7698990246717165e+09,"_step":500,"dataset_type":"varshney","edge_jaccard":0.03210048848569435,"final/best_gen":1,"growth_video_best":{"path":"media/videos/growth_video_best_500_80f5e24d065b783267d0.mp4","_type":"video-file","sha256":"80f5e24d065b783267d0d0f2d441e664a142d34fcb316c9ca9695f921745edad","size":1077507}}