{"sigma":43.54945523112267,"_runtime":151,"f1":0.06220419202163624,"growth_video_best":{"size":119129,"path":"media/videos/growth_video_best_500_40e37cd86db1a2a58d44.mp4","_type":"video-file","sha256":"40e37cd86db1a2a58d44bbbdabe24384ae2c0a7041aa4fffe269bd913ed53a7a"},"_step":500,"_timestamp":1.7698995390545301e+09,"precision":0.03458646616541353,"gen":500,"edges":1330,"edge_jaccard":0.03210048848569435,"_wandb":{"runtime":151},"final/best_gen":3,"dataset_type":"varshney","recall":0.3087248322147651,"best_loss":2.137795807978364,"nodes":64}