N,M,density,avg_path_length,rich_club_density
16,92,0.38333333333333336,,0.7678571428571429
