{"_step":500,"sigma":6.125549943339578e-06,"edge_jaccard":0.04397705544933078,"_timestamp":1.7697253184369385e+09,"nodes":40,"final/best_gen":11,"dataset_type":"varshney","final/f1":0.08424908424908426,"_wandb":{"runtime":86},"recall":0.359375,"f1":0.08424908424908426,"best_loss":0,"gen":500,"final/jaccard":0.04397705544933078,"edges":482,"_runtime":86.9225758,"precision":0.04771784232365145}