{"sigma":0.0002493758566788054,"_wandb":{"runtime":410},"_timestamp":1.7699393005389433e+09,"final/f1":0.05800334634690463,"f1":0.06173558532323821,"edge_jaccard":0.031850961538461536,"precision":0.03625170998632011,"edges":1462,"nodes":80,"best_loss":0,"dataset_type":"varshney","_runtime":410,"final/jaccard":0.02986789201608271,"final/best_gen":79,"growth_video_best":{"sha256":"6f1aa6389f442505e1fd4df4352117ef90bb1a7fea03d6ebd1bb0c6f15779c7f","size":1556681,"path":"media/videos/growth_video_best_500_6f1aa6389f442505e1fd.mp4","_type":"video-file"},"recall":0.20784313725490197,"_step":500,"gen":500}