{"precision":0.03652058432934927,"edge_jaccard":0.03223915592028136,"final/f1":0.06105144149236857,"_wandb":{"runtime":397},"recall":0.21568627450980393,"best_loss":0,"_step":500,"_timestamp":1.7699336444081292e+09,"gen":500,"final/jaccard":0.0314868804664723,"final/best_gen":79,"sigma":3.3266945329940918e-06,"f1":0.06246450880181715,"nodes":80,"dataset_type":"varshney","edges":1506,"_runtime":397,"growth_video_best":{"path":"media/videos/growth_video_best_500_6a557e82c6c67f6e5ec1.mp4","_type":"video-file","sha256":"6a557e82c6c67f6e5ec1cc735758da1dc17a9d6718e2f8d85af3fcdb7adabbeb","size":759331}}