{"f1":0.06187974314068885,"edges":1458,"_runtime":360,"_step":500,"nodes":80,"final/jaccard":0.0314868804664723,"final/best_gen":69,"dataset_type":"varshney","final/f1":0.06105144149236857,"best_loss":0,"sigma":5.059119899962037e-05,"edge_jaccard":0.031927710843373494,"_wandb":{"runtime":360},"_timestamp":1.7699407176448677e+09,"gen":500,"growth_video_best":{"path":"media/videos/growth_video_best_500_2e3b23167dbe856d34bb.mp4","_type":"video-file","sha256":"2e3b23167dbe856d34bb6987839f6f2f766c6a5dc7e08931c4a21fb8a07b80b7","size":1558008},"recall":0.20784313725490197,"precision":0.03635116598079561}