{"sigma":45.19213915993941,"precision":0,"gen":500,"recall":0,"best_loss":0.95,"_timestamp":1.7699775787800329e+09,"edge_jaccard":0,"final/best_gen":11,"f1":0,"growth_video_best":{"sha256":"75ac5d073015d14299f6114b55ee62c7d55d98a7eedc7aaf4bcd515124b8902d","size":368917,"path":"media/videos/growth_video_best_500_75ac5d073015d14299f6.mp4","_type":"video-file"},"_step":500,"dataset_type":"varshney","nodes":4,"edges":10,"_runtime":166,"_wandb":{"runtime":166}}