{"growth_video_best":{"sha256":"10a63f256ef8b915142b2a54c91359045a4d8721b3680b99a3254aa0eda7d7c6","size":1812609,"path":"media/videos/growth_video_best_500_10a63f256ef8b915142b.mp4","_type":"video-file"},"_timestamp":1.7699384108913348e+09,"final/best_gen":9,"f1":0.07529610829103214,"precision":0.04220009483167378,"recall":0.34901960784313724,"_step":500,"final/jaccard":0.03912087912087912,"nodes":80,"final/f1":0.07529610829103214,"best_loss":0,"dataset_type":"varshney","sigma":0.0005046509711625819,"edge_jaccard":0.03912087912087912,"_wandb":{"runtime":300},"edges":2109,"gen":500,"_runtime":300}