{"final/jaccard":0.03912087912087912,"growth_video_best":{"path":"media/videos/growth_video_best_500_10a63f256ef8b915142b.mp4","_type":"video-file","sha256":"10a63f256ef8b915142b2a54c91359045a4d8721b3680b99a3254aa0eda7d7c6","size":1812609},"_timestamp":1.7699388585234756e+09,"final/f1":0.07529610829103214,"_runtime":386,"precision":0.04220009483167378,"final/best_gen":7,"_step":500,"nodes":80,"best_loss":0,"edges":2109,"dataset_type":"varshney","sigma":0.4519917935616497,"recall":0.34901960784313724,"gen":500,"f1":0.07529610829103214,"edge_jaccard":0.03912087912087912,"_wandb":{"runtime":386}}