{"final/f1":0.07441207441207441,"gen":500,"sigma":22383.97000381713,"recall":0.20392156862745098,"_runtime":568,"best_loss":0,"final/best_gen":54,"_timestamp":1.7700999876768942e+09,"growth_video_best":{"_type":"video-file","sha256":"1a2362b19155c6304ef43d6bfa2644d80ba2dcb675c7de94618e0d3202a0f7bb","size":1974142,"path":"media/videos/growth_video_best_500_1a2362b19155c6304ef4.mp4"},"f1":0.07079646017699115,"nodes":80,"final/jaccard":0.03864382063434196,"dataset_type":"varshney","_step":500,"edges":1214,"edge_jaccard":0.03669724770642202,"_wandb":{"runtime":568},"precision":0.042833607907743}