{"final/best_gen":14,"_wandb":{"runtime":107},"_step":500,"precision":0.04184100418410042,"best_loss":0,"f1":0.07380073800738007,"_runtime":107.7238685,"dataset_type":"varshney","_timestamp":1.7697238838114161e+09,"recall":0.3125,"gen":500,"final/f1":0.08424908424908426,"final/jaccard":0.04397705544933078,"sigma":6.305859093630264e-08,"edge_jaccard":0.038314176245210725,"nodes":40,"edges":478}