{"_timestamp":1.7701010468350167e+09,"precision":0,"edge_jaccard":0,"final/best_gen":157,"_runtime":477,"dataset_type":"varshney","nodes":4,"growth_video_best":{"sha256":"71cde14f14a210ffce4095d5446fa2903d1c4249d39e3a00fe226d46ef76f250","size":1639262,"path":"media/videos/growth_video_best_500_71cde14f14a210ffce40.mp4","_type":"video-file"},"_wandb":{"runtime":477},"sigma":5975.6275947822305,"gen":500,"final/f1":0.06060606060606061,"final/jaccard":0.03125,"edges":10,"_step":500,"recall":0,"f1":0,"best_loss":0.95}