{"_timestamp":1.7699410889323637e+09,"edges":10,"dataset_type":"varshney","_step":500,"_wandb":{"runtime":315},"f1":0,"recall":0,"sigma":1.1322038576389748e+13,"nodes":4,"best_loss":0.95,"_runtime":315,"edge_jaccard":0,"growth_video_best":{"path":"media/videos/growth_video_best_500_3ef34b6bf89a2e03fefb.mp4","_type":"video-file","sha256":"3ef34b6bf89a2e03fefb59d7cd2857d4070c4ba2d6796e95f0288657bfe7e3a5","size":1440228},"precision":0,"gen":500,"final/best_gen":8}