{"edges":854,"best_loss":0.35,"_runtime":343.4309769,"precision":0.043478260869565216,"_wandb":{"runtime":343},"recall":0.40625,"_timestamp":1.7697199620774262e+09,"_step":500,"dataset_type":"varshney","final/f1":0.07962529274004684,"nodes":54,"edge_jaccard":0.040880503144654086,"sigma":3.4211543296391307,"final/jaccard":0.041463414634146344,"final/best_gen":316,"f1":0.07854984894259819,"gen":500}