{"nodes":2,"sigma":0.0014988429337109415,"precision":0,"growth_video_best":{"size":1099491,"path":"media/videos/growth_video_best_500_3a6f95e48bd8a7f08733.mp4","_type":"video-file","sha256":"3a6f95e48bd8a7f087331ce13d34e37c3c20a7055360adbf6de0f46d3462b776"},"dataset_type":"varshney","edge_jaccard":0,"_wandb":{"runtime":142},"_timestamp":1.7699361668386002e+09,"_runtime":142,"recall":0,"_step":500,"best_loss":0.975,"final/best_gen":192,"edges":2,"gen":500,"f1":0}