{"_runtime":228,"dataset_type":"varshney","final/best_gen":6,"best_loss":0.95,"f1":0,"_wandb":{"runtime":228},"gen":500,"recall":0,"edges":10,"nodes":4,"precision":0,"_step":500,"sigma":49.437779457746515,"_timestamp":1.7699030213079598e+09,"edge_jaccard":0,"growth_video_best":{"size":672792,"path":"media/videos/growth_video_best_500_61e581e8279250a15343.mp4","_type":"video-file","sha256":"61e581e8279250a153433047b77f46a388cd173988b7139b39786fb22414df47"}}