{"dataset_type":"varshney","final/best_gen":7,"final/jaccard":0.03912087912087912,"_timestamp":1.7699380690578759e+09,"final/f1":0.07529610829103214,"best_loss":0,"gen":500,"_runtime":308,"f1":0.07529610829103214,"_wandb":{"runtime":308},"recall":0.34901960784313724,"_step":500,"precision":0.04220009483167378,"nodes":80,"edge_jaccard":0.03912087912087912,"edges":2109,"sigma":0.4519917935616497,"growth_video_best":{"size":2181678,"path":"media/videos/growth_video_best_500_781926035ce55e58aeea.mp4","_type":"video-file","sha256":"781926035ce55e58aeea4f6b65dd2f6f13d75c2312207ab5d96b871392f97285"}}