{"recall":0.35294117647058826,"edge_jaccard":0.03523884103367267,"dataset_type":"varshney","_timestamp":1.769937043870304e+09,"nodes":96,"edges":2725,"_wandb":{"runtime":429},"growth_video_best":{"size":1270312,"path":"media/videos/growth_video_best_500_7c880c646ba616a5da34.mp4","_type":"video-file","sha256":"7c880c646ba616a5da347ac2606373714a1f277e274d3cfd94e1530dcb77a384"},"_runtime":429,"best_loss":0.2,"gen":500,"precision":0.037672666387609875,"sigma":2.6346078372166757e+06,"_step":500,"final/best_gen":2,"f1":0.0680786686838124}