{"_wandb":{"runtime":327},"final/best_gen":160,"_timestamp":1.7699790207279127e+09,"f1":0.125,"edge_jaccard":0.06666666666666667,"precision":0.06756756756756757,"_step":500,"growth_video_best":{"path":"media/videos/growth_video_best_500_0076c376654b85103b79.mp4","_type":"video-file","sha256":"0076c376654b85103b79f26d8fd96f29efae761bebb19bc0ee6544f2472f9b33","size":441110},"gen":500,"best_loss":0.85,"sigma":0.0016610297227427273,"_runtime":327,"edges":74,"nodes":12,"dataset_type":"varshney","recall":0.8333333333333334}