N,M,density,avg_path_length,rich_club_density
12,31,0.23484848484848486,,0.30357142857142855
