{"edge_jaccard":0.031628532974428,"dataset_type":"varshney","_wandb":{"runtime":440},"_step":500,"best_loss":0,"edges":1278,"gen":500,"nodes":80,"_runtime":440.5425559,"sigma":182783.66691881535,"f1":0.06131767775603392,"recall":0.1843137254901961,"precision":0.036776212832550864,"_timestamp":1.7700693870933943e+09}