{"nodes":64,"gen":500,"recall":0.453125,"edges":1330,"best_loss":5184,"f1":0.06791569086651054,"final/best_gen":49,"dataset_type":"varshney","precision":0.03670886075949367,"final/f1":0.08424908424908426,"_timestamp":1.769723313951196e+09,"_wandb":{"runtime":105},"_runtime":105.0837977,"edge_jaccard":0.03515151515151515,"_step":500,"final/jaccard":0.04397705544933078,"sigma":3.1211584954323e+08}