{"dataset_type":"varshney","_step":500,"precision":0.03625170998632011,"edges":1462,"final/f1":0.06187974314068885,"_wandb":{"runtime":387},"growth_video_best":{"_type":"video-file","sha256":"c7782c5fcb4427b081eb605adb031308360e3cc08ae3e334133a7f2109012867","size":1561081,"path":"media/videos/growth_video_best_500_c7782c5fcb4427b081eb.mp4"},"final/jaccard":0.031927710843373494,"_runtime":387,"edge_jaccard":0.031850961538461536,"f1":0.06173558532323821,"sigma":566.5485743565685,"recall":0.20784313725490197,"nodes":80,"best_loss":0,"final/best_gen":88,"gen":500,"_timestamp":1.7699402373271725e+09}