{"_wandb":{"runtime":444},"_step":500,"precision":0.03798449612403101,"dataset_type":"varshney","gen":500,"final/jaccard":0.03765387400434468,"_timestamp":1.7699341935411577e+09,"edges":1290,"best_loss":0,"edge_jaccard":0.032754010695187165,"nodes":80,"_runtime":444,"final/f1":0.07257501744591766,"final/best_gen":7,"recall":0.19215686274509805,"f1":0.0634304207119741,"sigma":3.325223970150873,"growth_video_best":{"size":616788,"path":"media/videos/growth_video_best_500_79372c214b32c712f7ac.mp4","_type":"video-file","sha256":"79372c214b32c712f7acdf1115a3f520666fa2d0c2f53190b4cb322495b8ecad"}}