{"growth_video_best":{"_type":"video-file","sha256":"399fa2332158c5817c5d54b292db9459a0982d9543c9340132d0e55c82e6dc90","size":264404,"path":"media/videos/growth_video_best_500_399fa2332158c5817c5d.mp4"},"edge_jaccard":0.03210048848569435,"_wandb":{"runtime":183},"recall":0.3087248322147651,"final/best_gen":39,"edges":1330,"_step":500,"sigma":9.951073753655258e+08,"_timestamp":1.7698998518202918e+09,"dataset_type":"varshney","nodes":64,"precision":0.03458646616541353,"f1":0.06220419202163624,"_runtime":183,"gen":500,"best_loss":2.137795807978364}