{"f1":0,"nodes":2,"_timestamp":1.7699364492888868e+09,"growth_video_best":{"path":"media/videos/growth_video_best_500_5b479a7d3bcc60062b17.mp4","_type":"video-file","sha256":"5b479a7d3bcc60062b17cb459edc7ba9b0b1930b9b12628227681edc0a0f7e40","size":485845},"dataset_type":"varshney","_step":500,"recall":0,"precision":0,"gen":500,"_runtime":163,"final/best_gen":192,"_wandb":{"runtime":163},"edge_jaccard":0,"sigma":0.0014988429337109415,"best_loss":0.975,"edges":2}