{"recall":0.453125,"_runtime":87.4127123,"_step":500,"final/jaccard":0.04397705544933078,"gen":500,"final/f1":0.08424908424908426,"precision":0.03670886075949367,"f1":0.06791569086651054,"edge_jaccard":0.03515151515151515,"dataset_type":"varshney","edges":1330,"sigma":1.5444966555976255e+06,"best_loss":60,"_timestamp":1.7697251173649664e+09,"_wandb":{"runtime":87},"nodes":64,"final/best_gen":18}